m,correct_answer,low_4_bits_correct,preferred_bytes,context_byte,other,entropy_mean_bits,entropy_q25_bits,entropy_q75_bits
0,0.002930,0.003906,0.913086,0.080078,0.000000,7.627638,7.597935,7.728942
1,0.002930,0.005859,0.909180,0.075195,0.006836,7.519160,7.395056,7.752356
2,0.004883,0.010742,0.776367,0.128906,0.079102,7.768718,7.724453,7.940866
3,0.011719,0.030273,0.527344,0.190430,0.240234,7.834782,7.830882,7.969112
4,0.015625,0.054688,0.346680,0.160156,0.422852,7.845272,7.854311,7.979333
8,0.053711,0.121094,0.127930,0.120117,0.577148,7.854318,7.822573,7.966611
16,0.136719,0.201172,0.041992,0.146484,0.473633,7.756373,7.656962,7.928664
32,0.356445,0.298828,0.016602,0.130859,0.197266,7.465145,7.229859,7.757990
64,0.555664,0.338867,0.009766,0.057617,0.038086,6.912018,6.616095,7.265879
128,0.717773,0.250977,0.003906,0.024414,0.002930,6.139092,5.773021,6.528910
256,0.785156,0.194336,0.000977,0.018555,0.000977,5.483841,5.117605,5.865064
512,0.868164,0.121094,0.002930,0.007812,0.000000,5.063481,4.731101,5.389821
